,description,director,star1,star2,star3,tconst,writer
0,"
                    Two imprisoned men bond over a number of years, finding solace and eventual redemption through acts of common decency.
            ",Frank Darabont,"
Tim Robbins,             ","
Morgan Freeman,             ","
Bob Gunton ",tt0111161,"
Stephen King (short story ""Rita Hayworth and Shawshank Redemption""),             "
1,"
                    The aging patriarch of an organized crime dynasty transfers control of his clandestine empire to his reluctant son.
            ",Francis Ford Coppola,"
Marlon Brando,             ","
Al Pacino,             ","
James Caan ",tt0068646,"
Mario Puzo (screenplay),             "
2,"
                    The early life and career of Vito Corleone in 1920s New York is portrayed while his son, Michael, expands and tightens his grip on his crime syndicate stretching from Lake Tahoe, Nevada to pre-revolution 1958 Cuba.
            ",Francis Ford Coppola,"
Al Pacino,             ","
Robert De Niro,             ","
Robert Duvall ",tt0071562,"
Francis Ford Coppola (screenplay),             "
3,"
                    When the menace known as the Joker wreaks havoc and chaos on the people of Gotham, the caped crusader must come to terms with one of the greatest psychological tests of his ability to fight injustice.
            ",Christopher Nolan,"
Christian Bale,             ","
Heath Ledger,             ","
Aaron Eckhart ",tt0468569,"
Jonathan Nolan (screenplay),             "
4,"
                    In Poland during World War II, Oskar Schindler gradually becomes concerned for his Jewish workforce after witnessing their persecution by the Nazis.
            ",Steven Spielberg,"
Liam Neeson,             ","
Ralph Fiennes,             ","
Ben Kingsley ",tt0108052,"
Thomas Keneally (book),             "
5,"
                    A jury holdout attempts to prevent a miscarriage of justice by forcing his colleagues to reconsider the evidence.
            ",Sidney Lumet,"
Henry Fonda,             ","
Lee J. Cobb,             ","
Martin Balsam ",tt0050083,"
Reginald Rose (story),             "
6,"
                    The lives of two mob hit men, a boxer, a gangster's wife, and a pair of diner bandits intertwine in four tales of violence and redemption.
            ",Quentin Tarantino,"
John Travolta,             ","
Uma Thurman,             ","
Samuel L. Jackson ",tt0110912,"
Quentin Tarantino (story),             "
7,"
                    Gandalf and Aragorn lead the World of Men against Sauron's army to draw his gaze from Frodo and Sam as they approach Mount Doom with the One Ring.
            ",Peter Jackson,"
Elijah Wood,             ","
Viggo Mortensen,             ","
Ian McKellen ",tt0167260,"
J.R.R. Tolkien (novel),             "
8,"
                    A bounty hunting scam joins two men in an uneasy alliance against a third in a race to find a fortune in gold buried in a remote cemetery.
            ",Sergio Leone,"
Clint Eastwood,             ","
Eli Wallach,             ","
Lee Van Cleef ",tt0060196,"
Luciano Vincenzoni (story),             "
9,"
                    An insomniac office worker, looking for a way to change his life, crosses paths with a devil-may-care soap maker, forming an underground fight club that evolves into something much, much more...
            ",David Fincher,"
Brad Pitt,             ","
Edward Norton,             ","
Meat Loaf ",tt0137523,"
Chuck Palahniuk (novel),             "
10,"
                    A meek Hobbit and eight companions set out on a journey to destroy the One Ring and the Dark Lord Sauron.
            ",Peter Jackson,"
Elijah Wood,             ","
Ian McKellen,             ","
Orlando Bloom ",tt0120737,"
J.R.R. Tolkien (novel),             "
11,"
                    After the rebels have been brutally overpowered by the Empire on their newly established base, Luke Skywalker takes advanced Jedi training with Master Yoda, while his friends are pursued by Darth Vader as part of his plan to capture Luke.
            ",Irvin Kershner,"
Mark Hamill,             ","
Harrison Ford,             ","
Carrie Fisher ",tt0080684,"
Leigh Brackett (screenplay),             "
12,"
                    Forrest Gump, while not intelligent, has accidentally been present at many historic moments, but his true love, Jenny Curran, eludes him.
            ",Robert Zemeckis,"
Tom Hanks,             ","
Robin Wright,             ","
Gary Sinise ",tt0109830,"
Winston Groom (novel),             "
13,"
                    A thief, who steals corporate secrets through use of dream-sharing technology, is given the inverse task of planting an idea into the mind of a CEO.
            ",Christopher Nolan,"
Leonardo DiCaprio,             ","
Joseph Gordon-Levitt,             ","
Ellen Page ",tt1375666,"
Christopher Nolan "
14,"
                    While Frodo and Sam edge closer to Mordor with the help of the shifty Gollum, the divided fellowship makes a stand against Sauron's new ally, Saruman, and his hordes of Isengard.
            ",Peter Jackson,"
Elijah Wood,             ","
Ian McKellen,             ","
Viggo Mortensen ",tt0167261,"
J.R.R. Tolkien (novel),             "
15,"
                    A criminal pleads insanity after getting into trouble again and once in the mental institution rebels against the oppressive nurse and rallies up the scared patients.
            ",Milos Forman,"
Jack Nicholson,             ","
Louise Fletcher,             ","
Michael Berryman ",tt0073486,"
Lawrence Hauben (screenplay),             "
16,"
                    Henry Hill and his friends work their way up through the mob hierarchy.
            ",Martin Scorsese,"
Robert De Niro,             ","
Ray Liotta,             ","
Joe Pesci ",tt0099685,"
Nicholas Pileggi (book),             "
17,"
                    A computer hacker learns from mysterious rebels about the true nature of his reality and his role in the war against its controllers.
            ",Lana Wachowski,"
Keanu Reeves,             ","
Laurence Fishburne,             ","
Carrie-Anne Moss ",tt0133093,"
Lilly Wachowski (as The Wachowski Brothers),             "
18,"
                    A poor village under attack by bandits recruits seven unemployed samurai to help them defend themselves.
            ",Akira Kurosawa,"
Toshirô Mifune,             ","
Takashi Shimura,             ","
Keiko Tsushima ",tt0047478,"
Akira Kurosawa (screenplay),             "
19,"
                    Luke Skywalker joins forces with a Jedi Knight, a cocky pilot, a wookiee and two droids to save the galaxy from the Empire's world-destroying battle-station, while also attempting to rescue Princess Leia from the evil Darth Vader.
            ",George Lucas,"
Mark Hamill,             ","
Harrison Ford,             ","
Carrie Fisher ",tt0076759,"
George Lucas "
20,"
                    Two boys growing up in a violent neighborhood of Rio de Janeiro take different paths: one becomes a photographer, the other a drug dealer.
            ",Fernando Meirelles,"
Alexandre Rodrigues,             ","
Matheus Nachtergaele,             ","
Leandro Firmino ",tt0317248,"
Paulo Lins (novel),             "
21,"
                    Two detectives, a rookie and a veteran, hunt a serial killer who uses the seven deadly sins as his modus operandi.
            ",David Fincher,"
Morgan Freeman,             ","
Brad Pitt,             ","
Kevin Spacey ",tt0114369,"
Andrew Kevin Walker "
22,"
                    A young F.B.I. cadet must confide in an incarcerated and manipulative killer to receive his help on catching another serial killer who skins his victims.
            ",Jonathan Demme,"
Jodie Foster,             ","
Anthony Hopkins,             ","
Lawrence A. Bonney ",tt0102926,"
Thomas Harris (novel),             "
23,"
                    An angel helps a compassionate but despairingly frustrated businessman by showing what life would have been like if he never existed.
            ",Frank Capra,"
James Stewart,             ","
Donna Reed,             ","
Lionel Barrymore ",tt0038650,"
Frances Goodrich (screenplay),             "
24,"
                    A sole survivor tells of the twisty events leading up to a horrific gun battle on a boat, which begin when five criminals meet at a seemingly random police lineup.
            ",Bryan Singer,"
Kevin Spacey,             ","
Gabriel Byrne,             ","
Chazz Palminteri ",tt0114814,"
Christopher McQuarrie "
25,"
                    When an open-minded Jewish librarian and his son become victims of the Holocaust, he uses a perfect mixture of will, humor and imagination to protect his son from the dangers around their camp.
            ",Roberto Benigni,"
Roberto Benigni,             ","
Nicoletta Braschi,             ","
Giorgio Cantarini ",tt0118799,"
Vincenzo Cerami (story and screenplay by),             "
26,"
                    Mathilda, a 12-year-old girl, is reluctantly taken in by Léon, a professional assassin, after her family is murdered. Léon and Mathilda form an unusual relationship, as she becomes his protégée and learns the assassin's trade.
            ",Luc Besson,"
Jean Reno,             ","
Gary Oldman,             ","
Natalie Portman ",tt0110413,"
Luc Besson "
27,"
                    Epic story of a mysterious stranger with a harmonica who joins forces with a notorious desperado to protect a beautiful widow from a ruthless assassin working for the railroad.
            ",Sergio Leone,"
Henry Fonda,             ","
Charles Bronson,             ","
Claudia Cardinale ",tt0064116,"
Sergio Donati (screenplay),             "
28,"
                    During her family's move to the suburbs, a sullen 10-year-old girl wanders into a world ruled by gods, witches, and spirits, and where humans are changed into beasts.
            ",Hayao Miyazaki,"
Daveigh Chase,             ","
Suzanne Pleshette,             ","
Miyu Irino ",tt0245429,"
Hayao Miyazaki "
29,"
                    Following the Normandy Landings, a group of U.S. soldiers go behind enemy lines to retrieve a paratrooper whose brothers have been killed in action.
            ",Steven Spielberg,"
Tom Hanks,             ","
Matt Damon,             ","
Tom Sizemore ",tt0120815,"
Robert Rodat "
30,"
                    A former neo-nazi skinhead tries to prevent his younger brother from going down the same wrong path that he did.
            ",Tony Kaye,"
Edward Norton,             ","
Edward Furlong,             ","
Beverly D'Angelo ",tt0120586,"
David McKenna "
31,"
                    A team of explorers travel through a wormhole in space in an attempt to ensure humanity's survival.
            ",Christopher Nolan,"
Matthew McConaughey,             ","
Anne Hathaway,             ","
Jessica Chastain ",tt0816692,"
Jonathan Nolan,             "
32,"
                    In Casablanca, Morocco in December 1941, a cynical American expatriate meets a former lover, with unforeseen complications.
            ",Michael Curtiz,"
Humphrey Bogart,             ","
Ingrid Bergman,             ","
Paul Henreid ",tt0034583,"
Julius J. Epstein (screenplay),             "
33,"
                    A Phoenix secretary steals $40,000 from her employer's client, goes on the run and checks into a remote motel run by a young man under the domination of his mother.
            ",Alfred Hitchcock,"
Anthony Perkins,             ","
Janet Leigh,             ","
Vera Miles ",tt0054215,"
Joseph Stefano (screenplay),             "
34,"
                    With the aid of a wealthy erratic tippler, a dewy-eyed tramp who has fallen in love with a sightless flower girl accumulates money to be able to help her medically.
            ",Charles Chaplin,"
Charles Chaplin,             ","
Virginia Cherrill,             ","
Florence Lee ",tt0021749,"
Charles Chaplin "
35,"
                    Archaeologist and adventurer Indiana Jones is hired by the U.S. government to find the Ark of the Covenant before the Nazis.
            ",Steven Spielberg,"
Harrison Ford,             ","
Karen Allen,             ","
Paul Freeman ",tt0082971,"
Lawrence Kasdan (screenplay),             "
36,"
                    After he becomes a quadriplegic from a paragliding accident, an aristocrat hires a young man from the projects to be his caregiver.
            ",Olivier Nakache,"
François Cluzet,             ","
Omar Sy,             ","
Anne Le Ny ",tt1675434,"
Olivier Nakache,             "
37,"
                    The Tramp struggles to live in modern industrial society with the help of a young homeless woman.
            ",Charles Chaplin,"
Charles Chaplin,             ","
Paulette Goddard,             ","
Henry Bergman ",tt0027977,"
Charles Chaplin (as Charlie Chaplin)            "
38,"
                    The lives of guards on Death Row are affected by one of their charges: a black man accused of child murder and rape, yet who has a mysterious gift.
            ",Frank Darabont,"
Tom Hanks,             ","
Michael Clarke Duncan,             ","
David Morse ",tt0120689,"
Stephen King (novel),             "
39,"
                    A wheelchair-bound photographer spies on his neighbours from his apartment window and becomes convinced one of them has committed murder.
            ",Alfred Hitchcock,"
James Stewart,             ","
Grace Kelly,             ","
Wendell Corey ",tt0047396,"
John Michael Hayes (screenplay),             "
40,"
                    A cyborg, identical to the one who failed to kill Sarah Connor, must now protect her young son, John Connor, from a more advanced cyborg, made out of liquid metal.
            ",James Cameron,"
Arnold Schwarzenegger,             ","
Linda Hamilton,             ","
Edward Furlong ",tt0103064,"
James Cameron,             "
41,"
                    An undercover cop and a mole in the police attempt to identify each other while infiltrating an Irish gang in South Boston.
            ",Martin Scorsese,"
Leonardo DiCaprio,             ","
Matt Damon,             ","
Jack Nicholson ",tt0407887,"
William Monahan (screenplay),             "
42,"
                    A Polish Jewish musician struggles to survive the destruction of the Warsaw ghetto of World War II.
            ",Roman Polanski,"
Adrien Brody,             ","
Thomas Kretschmann,             ","
Frank Finlay ",tt0253474,"
Ronald Harwood (screenplay),             "
43,"
                    A young man is accidentally sent thirty years into the past in a time-traveling DeLorean invented by his friend, Dr. Emmett Brown, and must make sure his high-school-age parents unite in order to save his own existence.
            ",Robert Zemeckis,"
Michael J. Fox,             ","
Christopher Lloyd,             ","
Lea Thompson ",tt0088763,"
Robert Zemeckis,             "
44,"
                    A promising young drummer enrolls at a cut-throat music conservatory where his dreams of greatness are mentored by an instructor who will stop at nothing to realize a student's potential.
            ",Damien Chazelle,"
Miles Teller,             ","
J.K. Simmons,             ","
Melissa Benoist ",tt2582802,"
Damien Chazelle "
45,"
                    When a Roman general is betrayed and his family murdered by an emperor's corrupt son, he comes to Rome as a gladiator to seek revenge.
            ",Ridley Scott,"
Russell Crowe,             ","
Joaquin Phoenix,             ","
Connie Nielsen ",tt0172495,"
David Franzoni (story),             "
46,"
                    A man creates a strange system to help him remember things; so he can hunt for the murderer of his wife without his short-term memory loss being an obstacle.
            ",Christopher Nolan,"
Guy Pearce,             ","
Carrie-Anne Moss,             ","
Joe Pantoliano ",tt0209144,"
Christopher Nolan (screenplay),             "
47,"
                    During the Vietnam War, Captain Willard is sent on a dangerous mission into Cambodia to assassinate a renegade colonel who has set himself up as a god among a local tribe.
            ",Francis Ford Coppola,"
Martin Sheen,             ","
Marlon Brando,             ","
Robert Duvall ",tt0078788,"
John Milius,             "
48,"
                    Two stage magicians engage in competitive one-upmanship in an attempt to create the ultimate stage illusion.
            ",Christopher Nolan,"
Christian Bale,             ","
Hugh Jackman,             ","
Scarlett Johansson ",tt0482571,"
Jonathan Nolan (screenplay),             "
49,"
                    Lion cub and future king Simba searches for his identity. His eagerness to please others and penchant for testing his boundaries sometimes gets him into trouble.
            ",Roger Allers,"
Matthew Broderick,             ","
Jeremy Irons,             ","
James Earl Jones ",tt0110357,"
Irene Mecchi (screenplay),             "
50,"
                    An insane general triggers a path to nuclear holocaust that a war room full of politicians and generals frantically try to stop.
            ",Stanley Kubrick,"
Peter Sellers,             ","
George C. Scott,             ","
Sterling Hayden ",tt0057012,"
Stanley Kubrick (screenplay),             "
51,"
                    A hack screenwriter writes a screenplay for a former silent-film star who has faded into Hollywood obscurity.
            ",Billy Wilder,"
William Holden,             ","
Gloria Swanson,             ","
Erich von Stroheim ",tt0043014,"
Charles Brackett,             "
52,"
                    After a space merchant vessel perceives an unknown transmission as distress call, their landing on the source planet finds one of the crew attacked by a mysterious lifeform. Continuing their journey back to Earth with the attacked crew having recovered and the critter deceased, they soon realize that its life cycle has merely begun.
            ",Ridley Scott,"
Sigourney Weaver,             ","
Tom Skerritt,             ","
John Hurt ",tt0078748,"
Dan O'Bannon (story),             "
53,"
                    Dictator Adenoid Hynkel tries to expand his empire while a poor Jewish barber tries to avoid persecution from Hynkel's regime.
            ",Charles Chaplin,"
Charles Chaplin,             ","
Paulette Goddard,             ","
Jack Oakie ",tt0032553,"
Charles Chaplin "
54,"
                    In 1984 East Berlin, an agent of the secret police, conducting surveillance on a writer and his lover, finds himself becoming increasingly absorbed by their lives.
            ",Florian Henckel von Donnersmarck,"
Ulrich Mühe,             ","
Martina Gedeck,             ","
Sebastian Koch ",tt0405094,"
Florian Henckel von Donnersmarck "
55,"
                    A filmmaker recalls his childhood, when he fell in love with the movies at his village's theater and formed a deep friendship with the theater's projectionist.
            ",Giuseppe Tornatore,"
Philippe Noiret,             ","
Enzo Cannavale,             ","
Antonella Attili ",tt0095765,"
Giuseppe Tornatore (story),             "
56,"
                    After refusing to attack an enemy position, a general accuses the soldiers of cowardice and their commanding officer must defend them.
            ",Stanley Kubrick,"
Kirk Douglas,             ","
Ralph Meeker,             ","
Adolphe Menjou ",tt0050825,"
Stanley Kubrick (screenplay),             "
57,"
                    With the help of a German bounty hunter, a freed slave sets out to rescue his wife from a brutal Mississippi plantation owner.
            ",Quentin Tarantino,"
Jamie Foxx,             ","
Christoph Waltz,             ","
Leonardo DiCaprio ",tt1853728,"
Quentin Tarantino "
58,"
                    A family heads to an isolated hotel for the winter where an evil and spiritual presence influences the father into violence, while his psychic son sees horrific forebodings from the past and of the future.
            ",Stanley Kubrick,"
Jack Nicholson,             ","
Shelley Duvall,             ","
Danny Lloyd ",tt0081505,"
Stephen King (novel),             "
59,"
                    A young boy and his little sister struggle to survive in Japan during World War II.
            ",Isao Takahata,"
Tsutomu Tatsumi,             ","
Ayano Shiraishi,             ","
Akemi Yamaguchi ",tt0095327,"
Akiyuki Nosaka (novel),             "
60,"
                    In the distant future, a small waste-collecting robot inadvertently embarks on a space journey that will ultimately decide the fate of mankind.
            ",Andrew Stanton,"
Ben Burtt,             ","
Elissa Knight,             ","
Jeff Garlin ",tt0910970,"
Andrew Stanton (original story by),             "
61,"
                    Eight years after the Joker's reign of anarchy, the Dark Knight, with the help of the enigmatic Selina, is forced from his imposed exile to save Gotham City, now on the edge of total annihilation, from the brutal guerrilla terrorist Bane.
            ",Christopher Nolan,"
Christian Bale,             ","
Tom Hardy,             ","
Anne Hathaway ",tt1345836,"
Jonathan Nolan (screenplay),             "
62,"
                    A sexually frustrated suburban father has a mid-life crisis after becoming infatuated with his daughter's best friend.
            ",Sam Mendes,"
Kevin Spacey,             ","
Annette Bening,             ","
Thora Birch ",tt0169547,"
Alan Ball "
63,"
                    The planet from Alien (1979) has been colonized, but contact is lost. This time, the rescue team has impressive firepower, but will it be enough?
            ",James Cameron,"
Sigourney Weaver,             ","
Michael Biehn,             ","
Carrie Henn ",tt0090605,"
James Cameron (story),             "
64,"
                    On a journey to find the cure for a Tatarigami's curse, Ashitaka finds himself in the middle of a war between the forest gods and Tatara, a mining colony. In this quest he also meets San, the Mononoke Hime.
            ",Hayao Miyazaki,"
Yôji Matsuda,             ","
Yuriko Ishida,             ","
Yûko Tanaka ",tt0119698,"
Hayao Miyazaki "
65,"
                    After being kidnapped and imprisoned for 15 years, Oh Dae-Su is released, only to find that he must find his captor in 5 days.
            ",Chan-wook Park,"
Min-sik Choi,             ","
Ji-tae Yu,             ","
Hye-jeong Kang ",tt0364569,"
Garon Tsuchiya (story),             "
66,"
                    Following the death of a publishing tycoon, news reporters scramble to discover the meaning of his final utterance.
            ",Orson Welles,"
Orson Welles,             ","
Joseph Cotten,             ","
Dorothy Comingore ",tt0033467,"
Herman J. Mankiewicz (original screen play),             "
67,"
                    A former Prohibition-era Jewish gangster returns to the Lower East Side of Manhattan over thirty years later, where he once again must confront the ghosts and regrets of his old life.
            ",Sergio Leone,"
Robert De Niro,             ","
James Woods,             ","
Elizabeth McGovern ",tt0087843,"
Harry Grey (novel),             "
68,"
                    A hapless New York advertising executive is mistaken for a government agent by a group of foreign spies, and is pursued across the country while he looks for a way to survive.
            ",Alfred Hitchcock,"
Cary Grant,             ","
Eva Marie Saint,             ","
James Mason ",tt0053125,"
Ernest Lehman "
69,"
                    The claustrophobic world of a WWII German U-boat; boredom, filth, and sheer terror.
            ",Wolfgang Petersen,"
Jürgen Prochnow,             ","
Herbert Grönemeyer,             ","
Klaus Wennemann ",tt0082096,"
Wolfgang Petersen (screenplay),             "
70,"
                    A San Francisco detective suffering from acrophobia investigates the strange activities of an old friend's wife, all the while becoming dangerously obsessed with her.
            ",Alfred Hitchcock,"
James Stewart,             ","
Kim Novak,             ","
Barbara Bel Geddes ",tt0052357,"
Alec Coppel (screenplay),             "
71,"
                    A veteran British barrister must defend his client in a murder trial that has surprise after surprise.
            ",Billy Wilder,"
Tyrone Power,             ","
Marlene Dietrich,             ","
Charles Laughton ",tt0051201,"
Agatha Christie (in Agatha Christie's international stage success),             "
72,"
                    After rescuing Han Solo from the palace of Jabba the Hutt, the rebels attempt to destroy the second Death Star, while Luke struggles to make Vader return from the dark side of the Force.
            ",Richard Marquand,"
Mark Hamill,             ","
Harrison Ford,             ","
Carrie Fisher ",tt0086190,"
Lawrence Kasdan (screenplay),             "
73,"
                    When the police in a German city are unable to catch a child-murderer, other criminals join in the manhunt.
            ",Fritz Lang,"
Peter Lorre,             ","
Ellen Widmann,             ","
Inge Landgut ",tt0022100,"
Thea von Harbou (script),             "
74,"
                    After a simple jewelry heist goes terribly wrong, the surviving criminals begin to suspect that one of them is a police informant.
            ",Quentin Tarantino,"
Harvey Keitel,             ","
Tim Roth,             ","
Michael Madsen ",tt0105236,"
Quentin Tarantino,             "
75,"
                    When his secret bride is executed for assaulting an English soldier who tried to rape her, William Wallace begins a revolt against King Edward I of England.
            ",Mel Gibson,"
Mel Gibson,             ","
Sophie Marceau,             ","
Patrick McGoohan ",tt0112573,"
Randall Wallace "
76,"
                    Amélie is an innocent and naive girl in Paris with her own sense of justice. She decides to help those around her and, along the way, discovers love.
            ",Jean-Pierre Jeunet,"
Audrey Tautou,             ","
Mathieu Kassovitz,             ","
Rufus ",tt0211915,"
Guillaume Laurant (scenario),             "
77,"
                    The drug-induced utopias of four Coney Island people are shattered when their addictions run deep.
            ",Darren Aronofsky,"
Ellen Burstyn,             ","
Jared Leto,             ","
Jennifer Connelly ",tt0180093,"
Hubert Selby Jr. (based on the book by),             "
78,"
                    In future Britain, charismatic delinquent Alex DeLarge is jailed and volunteers for an experimental aversion therapy developed by the government in an effort to solve society's crime problem - but not all goes according to plan.
            ",Stanley Kubrick,"
Malcolm McDowell,             ","
Patrick Magee,             ","
Michael Bates ",tt0066921,"
Stanley Kubrick (screenplay),             "
79,"
                    A mentally unstable Vietnam War veteran works as a night-time taxi driver in New York City where the perceived decadence and sleaze feeds his urge for violent action, attempting to save a preadolescent prostitute in the process.
            ",Martin Scorsese,"
Robert De Niro,             ","
Jodie Foster,             ","
Cybill Shepherd ",tt0075314,"
Paul Schrader "
80,"
                    An insurance representative lets himself be talked into a murder/insurance fraud scheme that arouses an insurance investigator's suspicions.
            ",Billy Wilder,"
Fred MacMurray,             ","
Barbara Stanwyck,             ","
Edward G. Robinson ",tt0036775,"
Billy Wilder (screenplay),             "
81,"
                    The toys are mistakenly delivered to a day-care center instead of the attic right before Andy leaves for college, and it's up to Woody to convince the other toys that they weren't abandoned and to return home.
            ",Lee Unkrich,"
Tom Hanks,             ","
Tim Allen,             ","
Joan Cusack ",tt0435761,"
John Lasseter (story by),             "
82,"
                    The story of TE Lawrence, the English officer who successfully united and lead the diverse, often warring, Arab tribes during World War 1 in order to fight the Turks.
            ",David Lean,"
Peter O'Toole,             ","
Alec Guinness,             ","
Anthony Quinn ",tt0056172,"
T.E. Lawrence (writings),             "
83,"
                    Atticus Finch, a lawyer in the Depression-era South, defends a black man against an undeserved rape charge, and his kids against prejudice.
            ",Robert Mulligan,"
Gregory Peck,             ","
John Megna,             ","
Frank Overton ",tt0056592,"
Harper Lee (based on her novel ""To Kill a Mockingbird""),             "
84,"
                    When their relationship turns sour, a couple undergoes a procedure to have each other erased from their memories. But it is only through the process of loss that they discover what they had to begin with.
            ",Michel Gondry,"
Jim Carrey,             ","
Kate Winslet,             ","
Tom Wilkinson ",tt0338013,"
Charlie Kaufman (story),             "
85,"
                    The incredible story of Wolfgang Amadeus Mozart, told by his peer and secret rival Antonio Salieri - now confined to an insane asylum.
            ",Milos Forman,"
F. Murray Abraham,             ","
Tom Hulce,             ","
Elizabeth Berridge ",tt0086879,"
Peter Shaffer (original stage play),             "
86,"
                    A pragmatic U.S. Marine observes the dehumanizing effects the Vietnam War has on his fellow recruits from their brutal boot camp training to the bloody street fighting in Hue.
            ",Stanley Kubrick,"
Matthew Modine,             ","
R. Lee Ermey,             ","
Vincent D'Onofrio ",tt0093058,"
Gustav Hasford (novel),             "
87,"
                    In Chicago in September 1936, a young con man seeking revenge for his murdered partner teams up with a master of the big con to win a fortune from a criminal banker.
            ",George Roy Hill,"
Paul Newman,             ","
Robert Redford,             ","
Robert Shaw ",tt0070735,"
David S. Ward "
88,"
                    Humanity finds a mysterious, obviously artificial object buried beneath the Lunar surface and, with the intelligent computer H.A.L. 9000, sets off on a quest.
            ",Stanley Kubrick,"
Keir Dullea,             ","
Gary Lockwood,             ","
William Sylvester ",tt0062622,"
Stanley Kubrick (screenplay),             "
89,"
                    Set in Post-WWII Italy, a working class man's bicycle is stolen. He and his son set out to find it.
            ",Vittorio De Sica,"
Lamberto Maggiorani,             ","
Enzo Staiola,             ","
Lianella Carell ",tt0040522,"
Cesare Zavattini (story),             "
90,"
                    A silent film production company and cast make a difficult transition to sound.
            ",Stanley Donen,"
Gene Kelly,             ","
Donald O'Connor,             ","
Debbie Reynolds ",tt0045152,"
Adolph Green (story and screenplay: suggested by the song ""Singin' In The Rain""),             "
91,"
                    A cowboy doll is profoundly threatened and jealous when a new spaceman figure supplants him as top toy in a boy's room.
            ",John Lasseter,"
Tom Hanks,             ","
Tim Allen,             ","
Don Rickles ",tt0114709,"
John Lasseter (original story by),             "
92,"
                    Unscrupulous boxing promoters, violent bookmakers, a Russian gangster, incompetent amateur robbers, and supposedly Jewish jewelers fight to track down a priceless stolen diamond.
            ",Guy Ritchie,"
Jason Statham,             ","
Brad Pitt,             ","
Benicio Del Toro ",tt0208092,"
Guy Ritchie "
93,"
                    King Arthur and his knights embark on a low-budget search for the Grail, encountering many, very silly obstacles.
            ",Terry Gilliam,"
Graham Chapman,             ","
John Cleese,             ","
Eric Idle ",tt0071853,"
Graham Chapman,             "
94,"
                    In Nazi-occupied France during World War II, a plan to assassinate Nazi leaders by a group of Jewish U.S. soldiers coincides with a theatre owner's vengeful plans for the same.
            ",Quentin Tarantino,"
Brad Pitt,             ","
Diane Kruger,             ","
Eli Roth ",tt0361748,"
Quentin Tarantino "
95,"
                    The Tramp cares for an abandoned child, but events put that relationship in jeopardy.
            ",Charles Chaplin,"
Charles Chaplin,             ","
Edna Purviance,             ","
Jackie Coogan ",tt0012349,"
Charles Chaplin (as Charlie Chaplin)            "
96,"
                    As corruption grows in 1950s LA, three policemen - one strait-laced, one brutal, and one sleazy - investigate a series of murders with their own brand of justice.
            ",Curtis Hanson,"
Kevin Spacey,             ","
Russell Crowe,             ","
Guy Pearce ",tt0119488,"
James Ellroy (novel),             "
97,"
                    Two bounty hunters with the same intentions team up to track down a Western outlaw.
            ",Sergio Leone,"
Clint Eastwood,             ","
Lee Van Cleef,             ","
Gian Maria Volontè ",tt0059578,"
Sergio Leone (scenario),             "
98,"
                    A man tries to rise in his company by letting its executives use his apartment for trysts, but complications and a romance of his own ensue.
            ",Billy Wilder,"
Jack Lemmon,             ","
Shirley MacLaine,             ","
Fred MacMurray ",tt0053604,"
Billy Wilder,             "
99,"
                    A heinous crime and its aftermath are recalled from differing points of view.
            ",Akira Kurosawa,"
Toshirô Mifune,             ","
Machiko Kyô,             ","
Masayuki Mori ",tt0042876,"
Ryûnosuke Akutagawa (stories),             "
100,"
                    In Miami in 1980, a determined Cuban immigrant takes over a drug cartel and succumbs to greed.
            ",Brian De Palma,"
Al Pacino,             ","
Michelle Pfeiffer,             ","
Steven Bauer ",tt0086250,"
Oliver Stone (screenplay)            "
101,"
                    When Dr. Henry Jones Sr. suddenly goes missing while pursuing the Holy Grail, eminent archaeologist Indiana Jones must follow in his father's footsteps and stop the Nazis.
            ",Steven Spielberg,"
Harrison Ford,             ","
Sean Connery,             ","
Alison Doody ",tt0097576,"
Jeffrey Boam (screenplay),             "
102,"
                    A married couple are faced with a difficult decision - to improve the life of their child by moving to another country or to stay in Iran and look after a deteriorating parent who has Alzheimer's disease.
            ",Asghar Farhadi,"
Peyman Moaadi,             ","
Leila Hatami,             ","
Sareh Bayat ",tt1832382,"
Asghar Farhadi "
103,"
                    In a futuristic city sharply divided between the working class and the city planners, the son of the city's mastermind falls in love with a working class prophet who predicts the coming of a savior to mediate their differences.
            ",Fritz Lang,"
Brigitte Helm,             ","
Alfred Abel,             ","
Gustav Fröhlich ",tt0017136,"
Thea von Harbou (screenplay),             "
104,"
                    An ingenue insinuates herself into the company of an established but aging stage actress and her circle of theater friends.
            ",Joseph L. Mankiewicz,"
Bette Davis,             ","
Anne Baxter,             ","
George Sanders ",tt0042192,"
Joseph L. Mankiewicz (written for the screen by)            "
105,"
                    Two friends are searching for their long lost companion. They revisit their college days and recall the memories of their friend who inspired them to think differently, even as the rest of the world called them ""idiots"".
            ",Rajkumar Hirani,"
Aamir Khan,             ","
Madhavan,             ","
Mona Singh ",tt1187043,"
Rajkumar Hirani (screenplay),             "
106,"
                    A crafty ronin comes to a town divided by two criminal gangs and decides to play them against each other to free the town.
            ",Akira Kurosawa,"
Toshirô Mifune,             ","
Eijirô Tôno,             ","
Tatsuya Nakadai ",tt0055630,"
Akira Kurosawa (story),             "
107,"
                    A teacher lives a lonely life, all the while struggling over his son's custody. His life slowly gets better as he finds love and receives good news from his son, but his new luck is about to be brutally shattered by an innocent little lie.
            ",Thomas Vinterberg,"
Mads Mikkelsen,             ","
Thomas Bo Larsen,             ","
Annika Wedderkopp ",tt2106476,"
Tobias Lindholm (screenplay),             "
108,"
                    After training with his mentor, Batman begins his fight to free crime-ridden Gotham City from the corruption that Scarecrow and the League of Shadows have cast upon it.
            ",Christopher Nolan,"
Christian Bale,             ","
Michael Caine,             ","
Ken Watanabe ",tt0372784,"
Bob Kane (characters),             "
109,"
                    Fred Dobbs and Bob Curtin, two Americans searching for work in Mexico, convince an old prospector to help them mine for gold in the Sierra Madre Mountains.
            ",John Huston,"
Humphrey Bogart,             ","
Walter Huston,             ","
Tim Holt ",tt0040897,"
John Huston (screenplay),             "
110,"
                    Will Hunting, a janitor at M.I.T., has a gift for mathematics, but needs help from a psychologist to find direction in his life.
            ",Gus Van Sant,"
Robin Williams,             ","
Matt Damon,             ","
Ben Affleck ",tt0119217,"
Matt Damon,             "
111,"
                    When two musicians witness a mob hit, they flee the state in an all-female band disguised as women, but further complications set in.
            ",Billy Wilder,"
Marilyn Monroe,             ","
Tony Curtis,             ","
Jack Lemmon ",tt0053291,"
Billy Wilder (screenplay),             "
112,"
                    Seventy-eight year old Carl Fredricksen travels to Paradise Falls in his home equipped with balloons, inadvertently taking a young stowaway.
            ",Pete Docter,"
Edward Asner,             ","
Jordan Nagai,             ","
John Ratzenberger ",tt1049413,"
Pete Docter (story by),             "
113,"
                    Retired Old West gunslinger William Munny reluctantly takes on one last job, with the help of his old partner and a young man.
            ",Clint Eastwood,"
Clint Eastwood,             ","
Gene Hackman,             ","
Morgan Freeman ",tt0105695,"
David Webb Peoples "
114,"
                    Pulp novelist Holly Martins travels to shadowy, postwar Vienna, only to find himself investigating the mysterious death of an old friend, Harry Lime.
            ",Carol Reed,"
Orson Welles,             ","
Joseph Cotten,             ","
Alida Valli ",tt0041959,"
Graham Greene (by),             "
115,"
                    After a boy loses his sister's pair of shoes, he goes on a series of adventures in order to find them. When he can't, he tries a new way to ""win"" a new pair.
            ",Majid Majidi,"
Mohammad Amir Naji,             ","
Amir Farrokh Hashemian,             ","
Bahare Seddiqi ",tt0118849,"
Majid Majidi "
116,"
                    An emotionally self-destructive boxer's journey through life, as the violence and temper that leads him to the top in the ring destroys his life outside it.
            ",Martin Scorsese,"
Robert De Niro,             ","
Cathy Moriarty,             ","
Joe Pesci ",tt0081398,"
Jake LaMotta (based on the book by) (as Jake La Motta),             "
117,"
                    Traudl Junge, the final secretary for Adolf Hitler, tells of the Nazi dictator's final days in his Berlin bunker at the end of WWII.
            ",Oliver Hirschbiegel,"
Bruno Ganz,             ","
Alexandra Maria Lara,             ","
Ulrich Matthes ",tt0363163,"
Bernd Eichinger (screenplay),             "
118,"
                    After young Riley is uprooted from her Midwest life and moved to San Francisco, her emotions - Joy, Fear, Anger, Disgust and Sadness - conflict on how best to navigate a new city, house, and school.
            ",Pete Docter,"
Amy Poehler,             ","
Bill Hader,             ","
Lewis Black ",tt2096673,"
Pete Docter (original story by),             "
119,"
                    John McClane, officer of the NYPD, tries to save his wife Holly Gennaro and several others that were taken hostage by German terrorist Hans Gruber during a Christmas party at the Nakatomi Plaza in Los Angeles.
            ",John McTiernan,"
Bruce Willis,             ","
Alan Rickman,             ","
Bonnie Bedelia ",tt0095016,"
Roderick Thorp (novel),             "
120,"
                    Allied P.O.W.s plan for several hundred of their number to escape from a German camp during World War II.
            ",John Sturges,"
Steve McQueen,             ","
James Garner,             ","
Richard Attenborough ",tt0057115,"
Paul Brickhill (book),             "
121,"
                    A private detective hired to expose an adulterer finds himself caught up in a web of deceit, corruption and murder.
            ",Roman Polanski,"
Jack Nicholson,             ","
Faye Dunaway,             ","
John Huston ",tt0071315,"
Robert Towne "
122,"
                    A group of professional bank robbers start to feel the heat from police when they unknowingly leave a clue at their latest heist.
            ",Michael Mann,"
Al Pacino,             ","
Robert De Niro,             ","
Val Kilmer ",tt0113277,"
Michael Mann "
123,"
                    A young boy is raised within the confines of a small shed.
            ",Lenny Abrahamson,"
Brie Larson,             ","
Jacob Tremblay,             ","
Sean Bridgers ",tt3170832,"
Emma Donoghue (screenplay),             "
124,"
                    In the falangist Spain of 1944, the bookish young stepdaughter of a sadistic army officer escapes into an eerie but captivating fantasy world.
            ",Guillermo del Toro,"
Ivana Baquero,             ","
Ariadna Gil,             ","
Sergi López ",tt0457430,"
Guillermo del Toro "
125,"
                    An ex-prize fighter turned longshoreman struggles to stand up to his corrupt union bosses.
            ",Elia Kazan,"
Marlon Brando,             ","
Karl Malden,             ","
Lee J. Cobb ",tt0047296,"
Budd Schulberg (screenplay),             "
126,"
                    When two girls move to the country to be near their ailing mother, they have adventures with the wonderous forest spirits who live nearby.
            ",Hayao Miyazaki,"
Hitoshi Takagi,             ","
Noriko Hidaka,             ","
Chika Sakamoto ",tt0096283,"
Hayao Miyazaki "
127,"
                    A bureaucrat tries to find a meaning in his life after he discovers he has terminal cancer.
            ",Akira Kurosawa,"
Takashi Shimura,             ","
Nobuo Kaneko,             ","
Shin'ichi Himori ",tt0044741,"
Akira Kurosawa,             "
128,"
                    Set in Japan in the 16th century (or so), an elderly warlord retires, handing over his empire to his three sons. However, he vastly underestimates how the new-found power will corrupt them, or cause them to turn on each other...and him...
            ",Akira Kurosawa,"
Tatsuya Nakadai,             ","
Akira Terao,             ","
Jinpachi Nezu ",tt0089881,"
Akira Kurosawa (screenplay),             "
129,"
                    A prospector goes to the Klondike in search of gold and finds it and more.
            ",Charles Chaplin,"
Charles Chaplin,             ","
Mack Swain,             ","
Tom Murray ",tt0015864,"
Charles Chaplin "
130,"
                    A naive man is appointed to fill a vacancy in the United States Senate. His plans promptly collide with political corruption, but he doesn't back down.
            ",Frank Capra,"
James Stewart,             ","
Jean Arthur,             ","
Claude Rains ",tt0031679,"
Sidney Buchman (screen play),             "
131,"
                    After settling his differences with a Japanese PoW camp commander, a British colonel co-operates to oversee his men's construction of a railway bridge for their captors - while oblivious to a plan by the Allies to destroy it.
            ",David Lean,"
William Holden,             ","
Alec Guinness,             ","
Jack Hawkins ",tt0050212,"
Pierre Boulle (novel),             "
132,"
                    A retired legal counselor writes a novel hoping to find closure for one of his past unresolved homicide cases and for his unreciprocated love with his superior - both of which still haunt him decades later.
            ",Juan José Campanella,"
Ricardo Darín,             ","
Soledad Villamil,             ","
Pablo Rago ",tt1305806,"
Eduardo Sacheri,             "
133,"
                    A blade runner must pursue and try to terminate four replicants who stole a ship in space and have returned to Earth to find their creator.
            ",Ridley Scott,"
Harrison Ford,             ","
Rutger Hauer,             ","
Sean Young ",tt0083658,"
Hampton Fancher (screenplay),             "
134,"
                    A man seeks answers about life, death, and the existence of God as he plays chess against the Grim Reaper during the Black Plague.
            ",Ingmar Bergman,"
Max von Sydow,             ","
Gunnar Björnstrand,             ","
Bengt Ekerot ",tt0050976,"
Ingmar Bergman (play),             "
135,"
                    A botched card game in London triggers four friends, thugs, weed-growers, hard gangsters, loan sharks and debt collectors to collide with each other in a series of unexpected events, all for the sake of weed, cash and two antique shotguns.
            ",Guy Ritchie,"
Jason Flemyng,             ","
Dexter Fletcher,             ","
Nick Moran ",tt0120735,"
Guy Ritchie "
136,"
                    A married farmer falls under the spell of a slatternly woman from the city, who tries to convince him to drown his wife.
            ",F.W. Murnau,"
George O'Brien,             ","
Janet Gaynor,             ","
Margaret Livingston ",tt0018455,"
Carl Mayer (scenario),             "
137,"
                    When an unconfident young woman is cursed with an old body by a spiteful witch, her only chance of breaking the spell lies with a self-indulgent yet insecure young wizard and his companions in his legged, walking castle.
            ",Hayao Miyazaki,"
Chieko Baishô,             ","
Takuya Kimura,             ","
Tatsuya Gashûin ",tt0347149,"
Hayao Miyazaki (screenplay),             "
138,"
                    Greed, deception, money, power, and murder occur between two mobster best friends and a trophy wife over a gambling empire.
            ",Martin Scorsese,"
Robert De Niro,             ","
Sharon Stone,             ","
Joe Pesci ",tt0112641,"
Nicholas Pileggi (book),             "
139,"
                    When Union spies steal an engineer's beloved locomotive, he pursues it single-handedly and straight through enemy lines.
            ",Clyde Bruckman,"
Buster Keaton,             ","
Marion Mack,             ","
Glen Cavender ",tt0017925,"
Buster Keaton,             "
140,"
                    After living a life marked by coldness, an aging professor is forced to confront the emptiness of his existence.
            ",Ingmar Bergman,"
Victor Sjöström,             ","
Bibi Andersson,             ","
Ingrid Thulin ",tt0050986,"
Ingmar Bergman "
141,"
                    Three decades after the defeat of the Galactic Empire, a new threat arises. The First Order attempts to rule the galaxy and only a ragtag group of heroes can stop them, along with the help of the Resistance.
            ",J.J. Abrams,"
Daisy Ridley,             ","
John Boyega,             ","
Oscar Isaac ",tt2488496,"
Lawrence Kasdan,             "
142,"
                    A Victorian surgeon rescues a heavily disfigured man who is mistreated while scraping a living as a side-show freak. Behind his monstrous facade, there is revealed a person of intelligence and sensitivity.
            ",David Lynch,"
Anthony Hopkins,             ","
John Hurt,             ","
Anne Bancroft ",tt0080678,"
Christopher De Vore (screenplay),             "
143,"
                    The youngest son of an alcoholic former boxer returns home, where he's trained by his father for competition in a mixed martial arts tournament - a path that puts the fighter on a collision course with his estranged, older brother.
            ",Gavin O'Connor,"
Tom Hardy,             ","
Nick Nolte,             ","
Joel Edgerton ",tt1291584,"
Gavin O'Connor (screenplay),             "
144,"
                    Based on the true story of Jordan Belfort, from his rise to a wealthy stock-broker living the high life to his fall involving crime, corruption and the federal government.
            ",Martin Scorsese,"
Leonardo DiCaprio,             ","
Jonah Hill,             ","
Margot Robbie ",tt0993846,"
Terence Winter (screenplay),             "
145,"
                    In 1948, an American court in occupied Germany tries four Nazi judges for war crimes.
            ",Stanley Kramer,"
Spencer Tracy,             ","
Burt Lancaster,             ","
Richard Widmark ",tt0055031,"
Abby Mann,             "
146,"
                    After John Nash, a brilliant but asocial mathematician, accepts secret work in cryptography, his life takes a turn for the nightmarish.
            ",Ron Howard,"
Russell Crowe,             ","
Ed Harris,             ","
Jennifer Connelly ",tt0268978,"
Akiva Goldsman,             "
147,"
                    An old couple visit their children and grandchildren in the city; but the children have little time for them.
            ",Yasujirô Ozu,"
Chishû Ryû,             ","
Chieko Higashiyama,             ","
Sô Yamamura ",tt0046438,"
Kôgo Noda (scenario),             "
148,"
                    In a future British tyranny, a shadowy freedom fighter, known only by the alias of ""V"", plots to overthrow it with the help of a young woman.
            ",James McTeigue,"
Hugo Weaving,             ","
Natalie Portman,             ","
Rupert Graves ",tt0434409,"
Lilly Wachowski (screenplay) (as The Wachowski Brothers),             "
149,"
                    Twins journey to the Middle East to discover their family history, and fulfill their mother's last wishes.
            ",Denis Villeneuve,"
Lubna Azabal,             ","
Mélissa Désormeaux-Poulin,             ","
Maxim Gaudette ",tt1255953,"
Denis Villeneuve (scenario),             "
150,"
                    Disgruntled Korean War veteran Walt Kowalski sets out to reform his neighbor, a Hmong teenager who tried to steal Kowalski's prized possession: a 1972 Gran Torino.
            ",Clint Eastwood,"
Clint Eastwood,             ","
Bee Vang,             ","
Christopher Carley ",tt1205489,"
Nick Schenk (screenplay),             "
151,"
                    ""The Dude"" Lebowski, mistaken for a millionaire Lebowski, seeks restitution for his ruined rug and enlists his bowling buddies to help get it.
            ",Joel Coen,"
Jeff Bridges,             ","
John Goodman,             ","
Julianne Moore ",tt0118715,"
Ethan Coen,             "
152,"
                    In the 7th century, Mohammed is visited by Angel Gabriel who urges him to lead the people of Mecca and worship God. But they're exiled in Medina before returning to Mecca to take up arms ...
                    See full summary »
            ",Moustapha Akkad,"
Anthony Quinn,             ","
Irene Papas,             ","
Michael Ansara ",tt0074896,"
H.A.L. Craig,             "
153,"
                    An in-depth examination of the ways in which the U.S. Vietnam War impacts and disrupts the lives of people in a small industrial town in Pennsylvania.
            ",Michael Cimino,"
Robert De Niro,             ","
Christopher Walken,             ","
John Cazale ",tt0077416,"
Michael Cimino (story),             "
154,"
                    Renton, deeply immersed in the Edinburgh drug scene, tries to clean up and get out, despite the allure of the drugs and influence of friends.
            ",Danny Boyle,"
Ewan McGregor,             ","
Ewen Bremner,             ","
Jonny Lee Miller ",tt0117951,"
Irvine Welsh (novel),             "
155,"
                    A self-conscious bride is tormented by the memory of her husband's dead first wife.
            ",Alfred Hitchcock,"
Laurence Olivier,             ","
Joan Fontaine,             ","
George Sanders ",tt0032976,"
Daphne Du Maurier (celebrated novel),             "
156,"
                    Jerry Lundegaard's inept crime falls apart due to his and his henchmen's bungling and the persistent police work of the quite pregnant Marge Gunderson.
            ",Joel Coen,"
William H. Macy,             ","
Frances McDormand,             ","
Steve Buscemi ",tt0116282,"
Ethan Coen,             "
157,"
                    An ex-tennis pro carries out a plot to murder his wife. When things go wrong, he improvises a brilliant plan B.
            ",Alfred Hitchcock,"
Ray Milland,             ","
Grace Kelly,             ","
Robert Cummings ",tt0046912,"
Frederick Knott (screen play),             "
158,"
                    A manipulative Southern belle carries on a turbulent affair with a blockade runner during the American Civil War.
            ",Victor Fleming,"
Clark Gable,             ","
Vivien Leigh,             ","
Thomas Mitchell ",tt0031381,"
Margaret Mitchell (story of the old south ""Gone with the Wind""),             "
159,"
                    Political interference in the Avengers' activities causes a rift between former allies Captain America and Iron Man.
            ",Anthony Russo,"
Chris Evans,             ","
Robert Downey Jr.,             ","
Scarlett Johansson ",tt3498820,"
Christopher Markus (screenplay),             "
160,"
                    A man refuses to conform to life in a rural prison.
            ",Stuart Rosenberg,"
Paul Newman,             ","
George Kennedy,             ","
Strother Martin ",tt0061512,"
Donn Pearce (screenplay),             "
161,"
                    A hapless young Viking who aspires to hunt dragons becomes the unlikely friend of a young dragon himself, and learns there may be more to the creatures than he assumed.
            ",Dean DeBlois,"
Jay Baruchel,             ","
Gerard Butler,             ","
Christopher Mintz-Plasse ",tt0892769,"
William Davies (screenplay) (as Will Davies),             "
162,"
                    After his son is captured in the Great Barrier Reef and taken to Sydney, a timid clownfish sets out on a journey to bring him home.
            ",Andrew Stanton,"
Albert Brooks,             ","
Ellen DeGeneres,             ","
Alexander Gould ",tt0266543,"
Andrew Stanton (original story by),             "
163,"
                    A boy who communicates with spirits that don't know they're dead seeks the help of a disheartened child psychologist.
            ",M. Night Shyamalan,"
Bruce Willis,             ","
Haley Joel Osment,             ","
Toni Collette ",tt0167404,"
M. Night Shyamalan "
164,"
                    After finding an old rifle, a young boy joins the Soviet resistance movement against ruthless German forces and experiences the horrors of World War II.
            ",Elem Klimov,"
Aleksey Kravchenko,             ","
Olga Mironova,             ","
Liubomiras Laucevicius ",tt0091251,"
Ales Adamovich (screenplay) (as A. Adamovich),             "
165,"
                    It's the first week of winter in 1982. An American Research Base is greeted by an alien force, that can assimilate anything it touches. It's up to the members to stay alive, and be sure of who is human, and who has become one of the Things.
            ",John Carpenter,"
Kurt Russell,             ","
Wilford Brimley,             ","
Keith David ",tt0084787,"
Bill Lancaster (screenplay),             "
166,"
                    Violence and mayhem ensue after a hunter stumbles upon a drug deal gone wrong and more than two million dollars in cash near the Rio Grande.
            ",Ethan Coen,"
Tommy Lee Jones,             ","
Javier Bardem,             ","
Josh Brolin ",tt0477348,"
Joel Coen (screenplay),             "
167,"
                    After graduating from Emory University, top student and athlete Christopher McCandless abandons his possessions, gives his entire $24,000 savings account to charity and hitchhikes to Alaska to live in the wilderness. Along the way, Christopher encounters a series of characters that shape his life.
            ",Sean Penn,"
Emile Hirsch,             ","
Vince Vaughn,             ","
Catherine Keener ",tt0758758,"
Sean Penn (screenplay),             "
168,"
                    A tale of friendship between two unlikely pen pals: Mary, a lonely, eight-year-old girl living in the suburbs of Melbourne, and Max, a forty-four-year old, severely obese man living in New York.
            ",Adam Elliot,"
Toni Collette,             ","
Philip Seymour Hoffman,             ","
Eric Bana ",tt0978762,"
Adam Elliot "
169,"
                    With his wife's disappearance having become the focus of an intense media circus, a man sees the spotlight turned on him when it's suspected that he may not be innocent.
            ",David Fincher,"
Ben Affleck,             ","
Rosamund Pike,             ","
Neil Patrick Harris ",tt2267998,"
Gillian Flynn (screenplay),             "
170,"
                    The Bride wakens from a four-year coma. The child she carried in her womb is gone. Now she must wreak vengeance on the team of assassins who betrayed her - a team she was once part of.
            ",Quentin Tarantino,"
Uma Thurman,             ","
David Carradine,             ","
Daryl Hannah ",tt0266697,"
Quentin Tarantino,             "
171,"
                    A spoiled heiress, running away from her family, is helped by a man who is actually a reporter in need of a story.
            ",Frank Capra,"
Clark Gable,             ","
Claudette Colbert,             ","
Walter Connolly ",tt0025316,"
Robert Riskin (screen play),             "
172,"
                    Brian is born on the original Christmas, in the stable next door. He spends his life being mistaken for a messiah.
            ",Terry Jones,"
Graham Chapman,             ","
John Cleese,             ","
Michael Palin ",tt0079470,"
Graham Chapman,             "
173,"
                    The merciless 1970s rivalry between Formula One rivals James Hunt and Niki Lauda.
            ",Ron Howard,"
Daniel Brühl,             ","
Chris Hemsworth,             ","
Olivia Wilde ",tt1979320,"
Peter Morgan "
174,"
                    A waifish prostitute wanders the streets of Rome looking for true love but finds only heartbreak.
            ",Federico Fellini,"
Giulietta Masina,             ","
François Périer,             ","
Franca Marzi ",tt0050783,"
Maria Molinari (novel),             "
175,"
                    A story of family, religion, hatred, oil and madness, focusing on a turn-of-the-century prospector in the early days of the business.
            ",Paul Thomas Anderson,"
Daniel Day-Lewis,             ","
Paul Dano,             ","
Ciarán Hinds ",tt0469494,"
Paul Thomas Anderson (screenplay),             "
176,"
                    The true story of Paul Rusesabagina, a hotel manager who housed over a thousand Tutsi refugees during their struggle against the Hutu militia in Rwanda.
            ",Terry George,"
Don Cheadle,             ","
Sophie Okonedo,             ","
Joaquin Phoenix ",tt0395169,"
Keir Pearson,             "
177,"
                    A young recruit in Vietnam faces a moral crisis when confronted with the horrors of war and the duality of man.
            ",Oliver Stone,"
Charlie Sheen,             ","
Tom Berenger,             ","
Willem Dafoe ",tt0091763,"
Oliver Stone "
178,"
                    In a city of anthropomorphic animals, a rookie bunny cop and a cynical con artist fox must work together to uncover a conspiracy.
            ",Byron Howard,"
Ginnifer Goodwin,             ","
Jason Bateman,             ","
Idris Elba ",tt2948356,"
Byron Howard (story by),             "
179,"
                    A private detective takes on a case that involves him with three eccentric criminals, a gorgeous liar, and their quest for a priceless statuette.
            ",John Huston,"
Humphrey Bogart,             ","
Mary Astor,             ","
Gladys George ",tt0033870,"
John Huston (screenplay),             "
180,"
                    The true story of how the Boston Globe uncovered the massive scandal of child molestation and cover-up within the local Catholic Archdiocese, shaking the entire Catholic Church to its core.
            ",Tom McCarthy,"
Mark Ruffalo,             ","
Michael Keaton,             ","
Rachel McAdams ",tt1895587,"
Josh Singer,             "
181,"
                    In a decrepit South American village, men are hired to transport an urgent nitroglycerine shipment without the equipment that would make it safe.
            ",Henri-Georges Clouzot,"
Yves Montand,             ","
Charles Vanel,             ","
Peter van Eyck ",tt0046268,"
Georges Arnaud (novel),             "
182,"
                    A television network cynically exploits a deranged former anchor's ravings and revelations about the news media for its own profit.
            ",Sidney Lumet,"
Faye Dunaway,             ","
William Holden,             ","
Peter Finch ",tt0074958,"
Paddy Chayefsky "
183,"
                    A woman rebels against a tyrannical ruler in postapocalyptic Australia in search for her home-land with the help of a group of female prisoners, a psychotic worshipper, and a drifter named Max.
            ",George Miller,"
Tom Hardy,             ","
Charlize Theron,             ","
Nicholas Hoult ",tt1392190,"
George Miller,             "
184,"
                    Two Western bank/train robbers flee to Bolivia when the law gets too close.
            ",George Roy Hill,"
Paul Newman,             ","
Robert Redford,             ","
Katharine Ross ",tt0064115,"
William Goldman "
185,"
                    A U.S Marshal investigates the disappearance of a murderess who escaped from a hospital for the criminally insane.
            ",Martin Scorsese,"
Leonardo DiCaprio,             ","
Emily Mortimer,             ","
Mark Ruffalo ",tt1130884,"
Laeta Kalogridis (screenplay),             "
186,"
                    Moving story of a young boy who, left without attention, delves into a life of petty crime.
            ",François Truffaut,"
Jean-Pierre Léaud,             ","
Albert Rémy,             ","
Claire Maurier ",tt0053198,"
François Truffaut (scenario),             "
187,"
                    After the death of a friend, a writer recounts a boyhood journey to find the body of a missing boy.
            ",Rob Reiner,"
Wil Wheaton,             ","
River Phoenix,             ","
Corey Feldman ",tt0092005,"
Stephen King (novel),             "
188,"
                    A man's coerced confession to an IRA bombing he did not commit results in the imprisonment of his father as well. An English lawyer fights to free them.
            ",Jim Sheridan,"
Daniel Day-Lewis,             ","
Pete Postlethwaite,             ","
Alison Crosbie ",tt0107207,"
Gerry Conlon (autobiographical book ""Proved Innocent""),             "
189,"
                    In the antebellum United States, Solomon Northup, a free black man from upstate New York, is abducted and sold into slavery.
            ",Steve McQueen,"
Chiwetel Ejiofor,             ","
Michael Kenneth Williams,             ","
Michael Fassbender ",tt2024544,"
John Ridley (screenplay),             "
190,"
                    A nurse is put in charge of an actress who can't talk and finds that the actress's persona is melding with hers.
            ",Ingmar Bergman,"
Bibi Andersson,             ","
Liv Ullmann,             ","
Margaretha Krook ",tt0060827,"
Ingmar Bergman (story and screenplay)            "
191,"
                    The adventures of Gustave H, a legendary concierge at a famous hotel from the fictional Republic of Zubrowka between the first and second World Wars, and Zero Moustafa, the lobby boy who becomes his most trusted friend.
            ",Wes Anderson,"
Ralph Fiennes,             ","
F. Murray Abraham,             ","
Mathieu Amalric ",tt2278388,"
Stefan Zweig (inspired by the writings of),             "
192,"
                    A horrific car accident connects three stories, each involving characters dealing with loss, regret, and life's harsh realities, all in the name of love.
            ",Alejandro G. Iñárritu,"
Emilio Echevarría,             ","
Gael García Bernal,             ","
Goya Toledo ",tt0245712,"
Guillermo Arriaga (as Guillermo Arriaga Jordán)            "
193,"
                    A determined woman works with a hardened boxing trainer to become a professional.
            ",Clint Eastwood,"
Hilary Swank,             ","
Clint Eastwood,             ","
Morgan Freeman ",tt0405159,"
Paul Haggis (screenplay),             "
194,"
                    While home sick in bed, a young boy's grandfather reads him a story called The Princess Bride.
            ",Rob Reiner,"
Cary Elwes,             ","
Mandy Patinkin,             ","
Robin Wright ",tt0093779,"
William Goldman (book),             "
195,"
                    Six short stories that explore the extremities of human behavior involving people in distress.
            ",Damián Szifrón,"
Darío Grandinetti,             ","
María Marull,             ","
Mónica Villa ",tt3011894,"
Damián Szifrón (as Damián Szifron)            "
196,"
                    When a Jewish prince is betrayed and sent into slavery by a Roman friend, he regains his freedom and comes back for revenge.
            ",William Wyler,"
Charlton Heston,             ","
Jack Hawkins,             ","
Stephen Boyd ",tt0052618,"
Lew Wallace (novel) (as General Lew Wallace),             "
197,"
                    A stark, perverse story of murder, kidnapping, and police corruption in a Mexican border town.
            ",Orson Welles,"
Charlton Heston,             ","
Orson Welles,             ","
Janet Leigh ",tt0052311,"
Orson Welles (screenplay),             "
198,"
                    A college professor's bond with the abandoned dog he takes into his home.
            ",Lasse Hallström,"
Richard Gere,             ","
Joan Allen,             ","
Cary-Hiroyuki Tagawa ",tt1028532,"
Stephen P. Lindsey (screenplay),             "
199,"
                    During a preview tour, a theme park suffers a major power breakdown that allows its cloned dinosaur exhibits to run amok.
            ",Steven Spielberg,"
Sam Neill,             ","
Laura Dern,             ","
Jeff Goldblum ",tt0107290,"
Michael Crichton (novel),             "
200,"
                    Warrior/pacifist Princess Nausicaä desperately struggles to prevent two warring nations from destroying themselves and their dying planet.
            ",Hayao Miyazaki,"
Sumi Shimamoto,             ","
Mahito Tsujimura,             ","
Hisako Kyôda ",tt0087544,"
Hayao Miyazaki (comic),             "
201,"
                    A poor Midwest family is forced off of their land. They travel to California, suffering the misfortunes of the homeless in the Great Depression.
            ",John Ford,"
Henry Fonda,             ","
Jane Darwell,             ","
John Carradine ",tt0032551,"
Nunnally Johnson (screen play),             "
202,"
                    Neurotic New York comedian Alvy Singer falls in love with the ditzy Annie Hall.
            ",Woody Allen,"
Woody Allen,             ","
Diane Keaton,             ","
Tony Roberts ",tt0075686,"
Woody Allen,             "
203,"
                    A former Special Forces operative turned mercenary is subjected to a rogue experiment that leaves him with accelerated healing powers, adopting the alter ego Deadpool.
            ",Tim Miller,"
Ryan Reynolds,             ","
Morena Baccarin,             ","
T.J. Miller ",tt1431045,"
Rhett Reese,             "
204,"
                    A guide leads two men through an area known as the Zone to find a room that grants wishes.
            ",Andrei Tarkovsky,"
Alisa Freyndlikh,             ","
Aleksandr Kaydanovskiy,             ","
Anatoliy Solonitsyn ",tt0079944,"
Arkadiy Strugatskiy (novel),             "
205,"
                    A young man and woman meet on a train in Europe, and wind up spending one evening together in Vienna. Unfortunately, both know that this will probably be their only night together.
            ",Richard Linklater,"
Ethan Hawke,             ","
Julie Delpy,             ","
Andrea Eckert ",tt0112471,"
Richard Linklater,             "
206,"
                    Gandhi's character is fully explained as a man of nonviolence. Through his patience, he is able to drive the British out of the subcontinent. And the stubborn nature of Jinnah and his commitment towards Pakistan is portrayed.
            ",Richard Attenborough,"
Ben Kingsley,             ","
John Gielgud,             ","
Candice Bergen ",tt0083987,"
John Briley "
207,"
                    Jason Bourne dodges a ruthless CIA official and his agents from a new assassination program while searching for the origins of his life as a trained killer.
            ",Paul Greengrass,"
Matt Damon,             ","
Edgar Ramírez,             ","
Joan Allen ",tt0440963,"
Tony Gilroy (screenplay),             "
208,"
                    An insurance salesman/adjuster discovers his entire life is actually a television show.
            ",Peter Weir,"
Jim Carrey,             ","
Ed Harris,             ","
Laura Linney ",tt0120382,"
Andrew Niccol "
209,"
                    The wife of a cruel headmaster and his mistress conspire to kill him, but after the murder is committed, his body disappears, and strange events begin to plague the two women.
            ",Henri-Georges Clouzot,"
Simone Signoret,             ","
Véra Clouzot,             ","
Paul Meurisse ",tt0046911,"
Pierre Boileau (novel) (as Boileau),             "
210,"
                    In 1986, in the province of Gyunggi, in South Korea, a second young and beautiful woman is found dead, raped and tied and gagged with her underwear. Detective Park Doo-Man and Detective Cho...
                    See full summary »
            ",Joon-ho Bong,"
Kang-ho Song,             ","
Sang-kyung Kim,             ","
Roe-ha Kim ",tt0353969,"
Joon-ho Bong (as Joon Ho Bong),             "
211,"
                    A troubled teenager is plagued by visions of a large bunny rabbit that manipulates him to commit a series of crimes, after narrowly escaping a bizarre accident.
            ",Richard Kelly,"
Jake Gyllenhaal,             ","
Jena Malone,             ","
Mary McDonnell ",tt0246578,"
Richard Kelly "
212,"
                    Rocky Balboa, a small-time boxer, gets a supremely rare chance to fight the heavy-weight champion, Apollo Creed, in a bout in which he strives to go the distance for his self-respect.
            ",John G. Avildsen,"
Sylvester Stallone,             ","
Talia Shire,             ","
Burt Young ",tt0075148,"
Sylvester Stallone "
213,"
                    A frontiersman on a fur trading expedition in the 1820s fights for survival after being mauled by a bear and left for dead by members of his own hunting team.
            ",Alejandro G. Iñárritu,"
Leonardo DiCaprio,             ","
Tom Hardy,             ","
Will Poulter ",tt1663202,"
Mark L. Smith (screenplay),             "
214,"
                    A harried movie director retreats into his memories and fantasies.
            ",Federico Fellini,"
Marcello Mastroianni,             ","
Anouk Aimée,             ","
Claudia Cardinale ",tt0056801,"
Federico Fellini (story),             "
215,"
                    Dorothy Gale is swept away to a magical land in a tornado and embarks on a quest to see the Wizard who can help her return home.
            ",Victor Fleming,"
Judy Garland,             ","
Frank Morgan,             ","
Ray Bolger ",tt0032138,"
Noel Langley (screenplay),             "
216,"
                    In order to power the city, monsters have to scare children so that they scream. However, the children are toxic to the monsters, and after a child gets through, two monsters realize things may not be what they think.
            ",Pete Docter,"
Billy Crystal,             ","
John Goodman,             ","
Mary Gibbs ",tt0198781,"
Pete Docter (original story by),             "
217,"
                    Harry, Ron and Hermione search for Voldemort's remaining Horcruxes in their effort to destroy the Dark Lord as the final battle rages on at Hogwarts.
            ",David Yates,"
Daniel Radcliffe,             ","
Emma Watson,             ","
Rupert Grint ",tt1201607,"
Steve Kloves (screenplay),             "
218,"
                    A human-looking indestructible cyborg is sent from 2029 to 1984 to assassinate a waitress, whose unborn son will lead humanity in a war against the machines, while a soldier from that war is sent to protect her at all costs.
            ",James Cameron,"
Arnold Schwarzenegger,             ","
Linda Hamilton,             ","
Michael Biehn ",tt0088247,"
James Cameron,             "
219,"
                    In a future world devastated by disease, a convict is sent back in time to gather information about the man-made virus that wiped out most of the human population on the planet.
            ",Terry Gilliam,"
Bruce Willis,             ","
Madeleine Stowe,             ","
Brad Pitt ",tt0114746,"
Chris Marker (film La Jetée),             "
220,"
                    Three World War II veterans return home to small-town America to discover that they and their families have been irreparably changed.
            ",William Wyler,"
Fredric March,             ","
Dana Andrews,             ","
Myrna Loy ",tt0036868,"
Robert E. Sherwood (screen play),             "
221,"
                    A weatherman finds himself living the same day over and over again.
            ",Harold Ramis,"
Bill Murray,             ","
Andie MacDowell,             ","
Chris Elliott ",tt0107048,"
Danny Rubin (screenplay),             "
222,"
                    A film that explores the dark and miserable town, Basin City, and tells the story of three different people, all caught up in violent corruption.
            ",Frank Miller,"
Mickey Rourke,             ","
Clive Owen,             ","
Bruce Willis ",tt0401792,"
Frank Miller (graphic novels)            "
223,"
                    A psychotic socialite confronts a pro tennis star with a theory on how two complete strangers can get away with murder - a theory that he plans to implement.
            ",Alfred Hitchcock,"
Farley Granger,             ","
Robert Walker,             ","
Ruth Roman ",tt0044079,"
Raymond Chandler (screen play),             "
224,"
                    A story between a mole in the police department and an undercover cop. Their objectives are the same: to find out who is the mole, and who is the cop.
            ",Wai-Keung Lau,"
Andy Lau,             ","
Tony Chiu Wai Leung,             ","
Anthony Chau-Sang Wong ",tt0338564,"
Alan Mak,             "
225,"
                    A distant poor relative of the Duke of D'Ascoyne plots to inherit the title by murdering the eight other heirs who stand ahead of him in the line of succession.
            ",Robert Hamer,"
Dennis Price,             ","
Alec Guinness,             ","
Valerie Hobson ",tt0041546,"
Roy Horniman (novel),             "
226,"
                    When a gigantic great white shark begins to menace the small island community of Amity, a police chief, a marine scientist and a grizzled fisherman set out to stop it.
            ",Steven Spielberg,"
Roy Scheider,             ","
Robert Shaw,             ","
Richard Dreyfuss ",tt0073195,"
Peter Benchley (screenplay),             "
227,"
                    24 hours in the lives of three young men in the French suburbs the day after a violent riot.
            ",Mathieu Kassovitz,"
Vincent Cassel,             ","
Hubert Koundé,             ","
Saïd Taghmaoui ",tt0113247,"
Mathieu Kassovitz "
228,"
                    When Keller Dover's daughter and her friend go missing, he takes matters into his own hands as the police pursue multiple leads and the pressure mounts. But just how far will this desperate father go to protect his family?
            ",Denis Villeneuve,"
Hugh Jackman,             ","
Jake Gyllenhaal,             ","
Viola Davis ",tt1392214,"
Aaron Guzikowski "
229,"
                    An Irish rogue wins the heart of a rich widow and assumes her dead husband's aristocratic position in 18th-century England.
            ",Stanley Kubrick,"
Ryan O'Neal,             ","
Marisa Berenson,             ","
Patrick Magee ",tt0072684,"
Stanley Kubrick (written for the screen by),             "
230,"
                    In the 1950s, fear and violence escalate as the people of Algiers fight for independence from the French government.
            ",Gillo Pontecorvo,"
Brahim Hadjadj,             ","
Jean Martin,             ","
Yacef Saadi ",tt0058946,"
Franco Solinas,             "
231,"
                    A man robs a bank to pay for his lover's operation; it turns into a hostage situation and a media circus.
            ",Sidney Lumet,"
Al Pacino,             ","
John Cazale,             ","
Penelope Allen ",tt0072890,"
Frank Pierson (screenplay),             "
232,"
                    An astronaut becomes stranded on Mars after his team assume him dead, and must rely on his ingenuity to find a way to signal to Earth that he is alive.
            ",Ridley Scott,"
Matt Damon,             ","
Jessica Chastain,             ","
Kristen Wiig ",tt3659388,"
Drew Goddard (screenplay),             "
233,"
                    The true story of Frank Abagnale Jr. who, before his 19th birthday, successfully conned millions of dollars' worth of checks as a Pan Am pilot, doctor, and legal prosecutor.
            ",Steven Spielberg,"
Leonardo DiCaprio,             ","
Tom Hanks,             ","
Christopher Walken ",tt0264464,"
Jeff Nathanson (screenplay),             "
234,"
                    During the Japanese invasion of 1937, when a wealthy martial artist is forced to leave his home and work to support his family, he reluctantly agrees to train others in the art of Wing Chun for self-defense.
            ",Wilson Yip,"
Donnie Yen,             ","
Simon Yam,             ","
Siu-Wong Fan ",tt1220719,"
Edmond Wong (screenplay),             "
235,"
                    During World War II, mathematician Alan Turing tries to crack the enigma code with help from fellow mathematicians.
            ",Morten Tyldum,"
Benedict Cumberbatch,             ","
Keira Knightley,             ","
Matthew Goode ",tt2084970,"
Graham Moore,             "
236,"
                    Blacksmith Will Turner teams up with eccentric pirate ""Captain"" Jack Sparrow to save his love, the governor's daughter, from Jack's former pirate allies, who are now undead.
            ",Gore Verbinski,"
Johnny Depp,             ","
Geoffrey Rush,             ","
Orlando Bloom ",tt0325980,"
Ted Elliott (screen story),             "
237,"
                    An aspiring author during the civil rights movement of the 1960s decides to write a book detailing the African-American maids' point of view on the white families for which they work, and the hardships they go through on a daily basis.
            ",Tate Taylor,"
Emma Stone,             ","
Viola Davis,             ","
Octavia Spencer ",tt1454029,"
Tate Taylor (screenplay),             "
238,"
                    Two young Swedish children experience the many comedies and tragedies of their family, the Ekdahls.
            ",Ingmar Bergman,"
Bertil Guve,             ","
Pernilla Allwin,             ","
Kristina Adolphson ",tt0083922,"
Ingmar Bergman "
239,"
                    A group of intergalactic criminals are forced to work together to stop a fanatical warrior from taking control of the universe.
            ",James Gunn,"
Chris Pratt,             ","
Vin Diesel,             ","
Bradley Cooper ",tt2015381,"
James Gunn,             "
240,"
                    Earth's mightiest heroes must come together and learn to fight as a team if they are to stop the mischievous Loki and his alien army from enslaving humanity.
            ",Joss Whedon,"
Robert Downey Jr.,             ","
Chris Evans,             ","
Scarlett Johansson ",tt0848228,"
Joss Whedon (screenplay),             "
241,"
                    A wandering gunfighter plays two rival families against each other in a town torn apart by greed, pride, and revenge.
            ",Sergio Leone,"
Clint Eastwood,             ","
Gian Maria Volontè,             ","
Marianne Koch ",tt0058461,"
Adriano Bolzoni (story) (as A. Bonzzoni),             "
242,"
                    A young boy and a girl with a magic crystal must race against pirates and foreign agents in a search for a legendary floating castle.
            ",Hayao Miyazaki,"
Anna Paquin,             ","
James Van Der Beek,             ","
Cloris Leachman ",tt0092067,"
Hayao Miyazaki "
243,"
                    The story of King George VI of the United Kingdom of Great Britain and Northern Ireland, his impromptu ascension to the throne and the speech therapist who helped the unsure monarch become worthy of it.
            ",Tom Hooper,"
Colin Firth,             ","
Geoffrey Rush,             ","
Helena Bonham Carter ",tt1504320,"
David Seidler (screenplay)            "
244,"
                    A bored and sheltered princess escapes her guardians and falls in love with an American newsman in Rome.
            ",William Wyler,"
Gregory Peck,             ","
Audrey Hepburn,             ","
Eddie Albert ",tt0046250,"
Ian McLellan Hunter (screenplay),             "
245,"
                    A war-hardened general, egged on by his ambitious wife, works to fulfill a prophecy that he would become lord of Spider's Web Castle.
            ",Akira Kurosawa,"
Toshirô Mifune,             ","
Minoru Chiaki,             ","
Isuzu Yamada ",tt0050613,"
Hideo Oguni (screenplay),             "
246,"
                    A marshall, personally compelled to face a returning deadly enemy, finds that his own town refuses to help him.
            ",Fred Zinnemann,"
Gary Cooper,             ","
Grace Kelly,             ","
Thomas Mitchell ",tt0044706,"
Carl Foreman (screenplay),             "
247,"
                    A clash between Sultan and Shahid Khan leads to the expulsion of Khan from Wasseypur, and ignites a deadly blood feud spanning three generations.
            ",Anurag Kashyap,"
Manoj Bajpayee,             ","
Richa Chadha,             ","
Nawazuddin Siddiqui ",tt1954470,"
Akhilesh Jaiswal,             "
248,"
                    Belle, whose father is imprisoned by the Beast, offers herself instead, unaware her captor to be an enchanted prince.
            ",Gary Trousdale,"
Paige O'Hara,             ","
Robby Benson,             ","
Jesse Corti ",tt0101414,"
Linda Woolverton (animation screenplay by),             "
249,"
                    Two neighbors, a woman and a man, form a strong bond after both suspect extramarital activities of their spouses. However, they agree to keep their bond platonic so as not to commit similar wrongs.
            ",Kar-Wai Wong,"
Tony Chiu Wai Leung,             ","
Maggie Cheung,             ","
Ping Lam Siu ",tt0118694,"
Kar-Wai Wong (as Kar Wai Wong)            "
